Asset losses package (excluding early warnings),Asset losses value,Wellbeing losses value,Asset losses label,Wellbeing losses  label
Haiti,127.38214171770643,1950.2424981187323,9.5% (130 m$),28% (2000 m$)
Solomon Islands,7.395131173425227,29.031330753145305,9.8% (7.4 m$),19% (29 m$)
Kiribati,0.0013452533625875585,0.004378625642571329,9.8% (0 m$),18% (0 m$)
Papua New Guinea,22.992551359779178,84.07183836083013,9.2% (23 m$),18% (84 m$)
Fiji,33.75615278975296,105.21627663876968,10% (34 m$),17% (110 m$)
Jamaica,59.43162877756059,202.49889767402863,9.5% (59 m$),17% (200 m$)
Belize,5.843398463986218,34.22569439707941,8.6% (5.8 m$),16% (34 m$)
Tonga,3.3583526475587413,8.778102800875894,9.3% (3.4 m$),15% (8.8 m$)
St. Lucia,4.375386217230394,17.3265936929193,9% (4.4 m$),14% (17 m$)
