"Develop market insurance (25% of population, only nonpoor)",Asset losses value,Wellbeing losses value,Asset losses label,Wellbeing losses  label
Kiribati,0.0,0.000529855057316894,0% (0 m$),2.2% (0 m$)
Papua New Guinea,-5.960464477539062e-14,10.199907772805274,0% (0 m$),2.1% (10 m$)
Tonga,-7.450580596923828e-15,1.1479201830184236,0% (0 m$),2% (1.1 m$)
Solomon Islands,0.0,2.2562924182650446,0% (0 m$),1.5% (2.3 m$)
Jamaica,0.0,17.801125868426322,0% (0 m$),1.5% (18 m$)
Fiji,5.960464477539062e-14,8.106982590771198,0% (0 m$),1.3% (8.1 m$)
St. Lucia,0.0,1.3704389945809246,0% (0 m$),1.1% (1.4 m$)
Belize,0.0,1.8556165385957955,0% (0 m$),0.86% (1.9 m$)
Haiti,0.0,44.43009401325035,0% (0 m$),0.64% (44 m$)
