country,gdp_pc_pp,pop,urbanization_rate,gdp_pc_cd,prepare_scaleup,borrow_abi,avg_prod_k,transport_share,energy_share,building_share,water_share,building_residential_share,T_rebuild_K,pi,income_elast,rho,shareable,max_increased_spending,protection,tau_tax
Belize,7831.454486056529,366954.0,0.43845,4810.56590199317,0.0,0.075,0.9615481265045698,0.23408820802399544,0.022987164566145676,0.4304127061585112,0.040542989992559696,0.5,3,0.2,1.5,0.06,0.8,0.05,20.0,0.12274684245791252
Fiji,8862.740442568871,898760.0,0.54099,5153.35154431659,1.0,0.675,0.33613901941237423,0.13030266952165254,0.021108303866907176,0.2842695628926077,0.018071273476486144,0.6293087548519987,3,0.2,1.5,0.06,0.8,0.05,20.0,0.1304307881720732
Haiti,1653.96184811414,10847334.0,0.5979399999999999,739.595436253749,0.5333333333333333,0.25,0.1333669537730951,0.07242332120445909,0.0016628711188582306,0.19746867529424428,0.009452340393105534,0.5,3,0.2,1.5,0.06,0.8,0.05,20.0,0.01425818983244751
Jamaica,8190.00090507955,2881355.0,0.5503,4868.248262607461,0.6,0.4083333333333333,0.38100911347268046,0.04406069317545785,0.006777415856392105,0.3289699480933965,0.036678206428530175,0.5,3,0.2,1.5,0.06,0.8,0.05,20.0,0.15371927438302244
Kiribati,1897.81234732038,114395.0,0.44447,1449.05823116784,0.0,0.0,0.28394957983193275,0.5026856707639923,0.006517313051067167,0.4386325071166611,0.014161039612086776,0.5,3,0.2,1.5,0.06,0.8,0.05,20.0,0.08797940376986653
Papua New Guinea,2620.8824025558497,8084991.0,0.13039,2182.71656543065,0.4,0.4,0.32518120719724364,0.1070563695281978,0.013645625745730278,0.20210317961172564,0.013099597381451734,0.5,3,0.2,1.5,0.06,0.8,0.05,20.0,0.0015275825303817552
Solomon Islands,2072.71057764802,599419.0,0.22779000000000002,2005.48364332796,0.5333333333333333,0.375,0.2968860005415652,0.0,0.006583307246542201,0.2436330370551692,0.011990891934421577,0.5,3,0.2,1.5,0.06,0.8,0.05,20.0,0.06666541357622821
Tonga,5332.4724445691,107122.0,0.23801,3688.8746359459296,0.6,0.3333333333333333,0.3578357636224098,0.0,0.00978663220299728,0.5272917508977781,0.020588780596357388,0.5,3,0.2,1.5,0.06,0.8,0.05,20.0,0.10578033925727334
