Asset losses package (excluding early warnings),Asset losses value,Wellbeing losses value,Asset losses label,Wellbeing losses  label
Haiti,127.38214171770643,1950.2424981187323,130 (9.5%),2000 (28%)
Jamaica,59.43162877756059,202.49889767402863,59 (9.5%),200 (17%)
Fiji,33.75615278975296,105.21627663876968,34 (10%),110 (17%)
Papua New Guinea,22.992551359779178,84.07183836083013,23 (9.2%),84 (18%)
Belize,5.843398463986218,34.22569439707941,5.8 (8.6%),34 (16%)
Solomon Islands,7.395131173425227,29.031330753145305,7.4 (9.8%),29 (19%)
St. Lucia,4.375386217230394,17.3265936929193,4.4 (9%),17 (14%)
Tonga,3.3583526475587413,8.778102800875894,3.4 (9.3%),8.8 (15%)
Kiribati,0.0013452533625875585,0.004378625642571329,0 (9.8%),0 (18%)
