Asset losses package ,Asset losses value,Wellbeing losses value,Asset losses label,Wellbeing losses  label
Haiti,171.0979569538107,2204.805759287747,170 (13%),2200 (32%)
Jamaica,82.82439591509532,246.61182756109224,83 (13%),250 (20%)
Papua New Guinea,37.389844917214006,111.66911216666776,37 (15%),110 (23%)
Fiji,33.75615278975296,105.21627663876968,34 (10%),110 (17%)
Belize,17.889892134978062,70.30302827739894,18 (26%),70 (33%)
Solomon Islands,13.157163093168117,40.248397705238,13 (17%),40 (27%)
St. Lucia,7.973409257191844,25.875190728156788,8 (16%),26 (22%)
Tonga,5.864348975038327,12.815552592372693,5.9 (16%),13 (22%)
Kiribati,0.0038098453568932746,0.008745489997796804,0 (28%),0.01 (36%)
