Make social protection scalable after a shock,Asset losses value,Wellbeing losses value,Asset losses label,Wellbeing losses  label
Haiti,-2.384185791015625e-13,174.61465442214106,0 (0%),170 (2.5%)
Jamaica,0.0,9.381430402579545,0 (0%),9.4 (0.77%)
Papua New Guinea,-5.960464477539062e-14,6.517833159845352,0 (0%),6.5 (1.4%)
Solomon Islands,0.0,1.699764172489941,0 (0%),1.7 (1.1%)
Belize,0.0,0.48932147958335276,0 (0%),0.49 (0.23%)
St. Lucia,0.0,0.48172778785999115,0 (0%),0.48 (0.4%)
Tonga,0.0,0.2261581945030093,0 (0%),0.23 (0.39%)
Fiji,0.0,0.0,0 (0%),0 (0%)
Kiribati,0.0,0.0,0 (0%),0 (0%)
